cat91,cat44,cat22,cat105,cont1,cat54,cat67,cat35,cat52,cont2,cat73,cont9,cat69,cat37,cat102,cat31,cat26,cat87,cat113,cont5,cat82,cat101,cat85,cat17,cont13,cat89,cat18,cat78,cat13,cat111,cat30,cat110,cat107,cat108,cat79,cat58,cont4,cat81,cat3,cat16,cat10,cat15,cat86,cat38,cat68,cat41,cat21,cat104,cat2,cont10,cat115,cat29,cat8,cat39,cat59,cont7,cat14,cat100,cat61,cat25,cat84,cat45,cat72,cat23,cat36,cat114,cat47,cat20,cat97,cat1,cat24,cat95,cat90,cat27,cat12,cat96,cont12,cat60,cat88,cont14,cat56,cat34,cat46,cat55,cat43,cat93,cat40,cat70,cat53,id,cat63,cont6,cat19,cat112,cat80,cat103,cat33,cat66,cat51,cat4,cont3,cat5,cat92,cat57,cat7,cat62,cat48,cat75,cat77,cat64,cat83,loss,cat74,cat9,cat109,cat49,cont8,cat98,cat42,cat116,cat11,cat94,cont11,cat65,cat106,cat32,cat76,cat6,cat50,cat71,cat99,cat28
A,A,A,E,0.7263,A,A,A,A,0.245921,A,0.67135,A,A,A,A,A,B,S,0.310061,B,G,B,A,0.822493,A,A,B,A,C,A,BC,J,G,B,A,0.789639,D,A,A,A,A,D,A,A,A,A,I,B,0.8351,O,A,A,A,A,0.33506,A,B,A,A,C,A,A,B,A,A,A,A,A,A,A,C,A,A,A,E,0.594646,A,A,0.714843,A,A,A,A,A,D,A,A,A,1,A,0.718367,A,AS,D,A,A,A,A,B,0.187583,A,A,A,A,A,A,B,D,A,D,2213.18,A,B,BU,A,0.3026,C,A,LB,B,B,0.569745,A,G,A,A,A,A,A,T,A
A,A,A,E,0.330514,A,A,A,A,0.737068,A,0.35127,A,A,A,A,A,B,BM,0.885834,A,F,B,A,0.611431,A,A,B,A,A,A,CQ,K,K,B,A,0.614134,D,A,A,B,A,D,A,A,A,A,E,B,0.43919,O,A,A,A,A,0.436585,A,L,A,A,C,A,A,A,A,A,A,A,E,A,A,C,A,A,A,E,0.366307,A,A,0.304496,A,A,A,A,A,D,A,A,A,2,A,0.438917,A,AV,D,A,A,A,A,A,0.592681,A,A,A,A,A,A,A,D,A,B,1283.6,A,B,BI,A,0.60087,D,A,DP,A,D,0.338312,A,I,A,A,A,A,A,T,A
A,A,A,F,0.261841,A,A,A,A,0.358319,A,0.26076,A,A,A,A,A,B,AF,0.397069,B,O,B,A,0.195709,A,A,B,B,A,A,DK,F,A,B,A,0.236924,D,A,A,B,A,B,A,A,A,A,E,B,0.32446,I,A,A,A,A,0.315545,A,L,A,A,C,A,A,A,B,A,A,A,E,A,A,C,A,A,B,E,0.373424,A,A,0.774425,A,A,A,A,A,D,A,A,A,5,A,0.289648,A,C,B,B,A,A,A,A,0.484196,B,A,A,A,A,A,A,D,A,D,3005.09,A,B,AB,A,0.2732,A,A,GK,B,D,0.381398,A,H,A,A,A,A,A,D,A
A,A,A,E,0.321594,A,A,A,A,0.555782,B,0.32128,A,A,A,A,A,B,AE,0.422268,D,D,B,A,0.605077,A,A,B,A,C,A,CS,K,K,B,A,0.373816,D,A,A,A,A,D,A,A,A,A,E,B,0.44467,O,A,A,A,A,0.391128,A,I,A,A,C,A,A,B,A,A,A,A,E,B,A,C,A,A,A,E,0.32157,A,A,0.602642,A,A,A,A,A,D,A,A,A,10,A,0.440945,A,N,D,A,A,A,A,B,0.527991,A,A,A,A,A,A,A,D,A,B,939.85,A,B,BI,A,0.31796,D,A,DJ,A,D,0.327915,A,I,A,A,A,A,A,T,A
B,A,A,E,0.273204,A,A,A,A,0.15999,A,0.22089,A,A,A,A,A,C,BM,0.704268,B,J,B,A,0.246011,A,A,B,A,C,A,C,G,B,D,A,0.473202,D,A,A,B,A,B,A,A,A,A,D,B,0.2123,K,A,A,A,A,0.247408,A,F,A,A,C,A,B,B,A,A,A,A,E,A,A,D,A,A,B,E,0.202213,A,A,0.432606,A,A,A,A,A,D,A,A,A,11,A,0.178193,A,Y,B,A,A,A,A,B,0.527991,A,H,A,A,A,A,A,D,A,B,2763.85,A,B,H,A,0.24564,A,A,CK,A,B,0.204687,A,K,A,A,A,A,A,P,A
A,A,A,E,0.54667,A,A,A,A,0.681761,A,0.46226,A,A,A,A,A,B,AE,0.302678,B,D,B,A,0.345247,A,A,B,A,A,A,CS,F,B,D,A,0.373816,D,A,A,A,A,B,A,A,A,A,E,B,0.50556,K,A,A,A,A,0.401162,A,J,A,A,C,A,B,A,A,A,A,A,C,A,A,D,A,A,A,E,0.359249,A,A,0.726792,A,A,A,A,A,D,A,A,A,13,A,0.364464,A,AS,B,A,A,A,A,A,0.634224,A,A,A,A,A,A,A,D,A,B,5142.87,A,B,BI,A,0.26847,A,A,DJ,A,D,0.366788,A,H,A,A,A,A,A,P,A
A,A,A,E,0.471447,A,A,A,A,0.737068,A,0.40455,A,A,A,A,A,B,AF,0.295397,B,A,B,A,0.342239,A,A,B,A,A,A,DK,F,B,B,A,0.189137,D,A,A,A,A,B,A,A,B,A,E,A,0.47225,K,A,A,A,A,0.363768,A,J,A,A,C,A,A,A,B,A,A,A,C,A,A,D,A,A,A,E,0.352251,A,A,0.382931,A,A,A,A,A,D,A,A,A,14,A,0.381515,A,J,D,C,A,A,A,A,0.61366,B,A,A,A,A,A,A,D,A,D,1132.22,A,A,BI,A,0.24564,A,A,DJ,A,D,0.334828,A,H,A,A,A,A,A,P,A
A,A,A,F,0.826591,A,A,A,A,0.488789,A,0.84847,A,A,A,A,A,C,Y,0.473767,A,C,B,A,0.859764,A,A,B,A,G,A,EB,I,G,D,A,0.62377,D,A,A,A,A,D,A,A,A,A,K,B,0.80218,P,A,A,A,A,0.583389,A,H,A,A,C,A,A,B,A,A,A,A,A,A,A,C,A,A,A,E,0.785706,A,D,0.242416,A,A,A,A,A,C,A,A,A,20,A,0.867021,A,AH,B,A,A,A,A,B,0.26357,A,A,A,A,A,A,A,D,A,B,3585.75,A,B,BI,A,0.90267,C,A,LO,A,B,0.644013,A,F,B,A,A,A,A,T,B
A,A,A,F,0.330514,A,A,A,A,0.555782,A,0.38249,A,A,A,A,A,D,AX,0.281143,B,Q,B,A,0.756454,A,A,B,B,C,A,BC,M,K,D,A,0.473202,B,B,B,B,A,D,B,A,A,A,H,B,0.51111,Q,A,A,A,A,0.384099,A,C,A,A,C,A,B,B,B,A,A,A,C,A,A,C,B,A,B,E,0.669033,A,A,0.361191,A,A,A,A,A,D,A,A,A,23,A,0.628534,A,K,B,C,A,A,A,B,0.440642,B,A,A,A,A,A,A,D,A,B,10280.2,A,B,BI,A,0.61229,D,A,IE,B,C,0.682315,A,G,A,A,A,A,A,T,A
B,A,A,H,0.7263,A,A,A,B,0.358319,A,0.67135,A,A,A,A,A,C,S,0.310061,B,D,B,A,0.822493,A,A,B,A,A,A,DW,J,G,B,A,0.802892,B,A,A,A,A,D,B,A,A,A,K,B,0.8351,O,A,A,B,A,0.469223,A,F,A,A,C,A,A,A,B,J,A,A,A,A,A,C,A,A,A,E,0.879347,A,D,0.294523,A,A,A,A,A,D,B,A,A,24,A,0.713343,A,U,B,F,A,A,A,A,0.356819,B,H,A,A,A,A,A,D,A,B,6184.59,A,B,BU,A,0.3026,C,B,LY,A,B,0.863052,A,G,A,A,B,B,A,T,A
G,A,A,G,0.496063,A,A,A,A,0.358319,A,0.53565,A,A,A,A,A,B,H,0.281143,B,Q,B,A,0.336261,A,A,B,B,A,A,AM,F,D,B,A,0.284048,D,A,A,B,A,B,A,A,A,A,F,B,0.50556,K,A,A,A,A,0.877905,A,H,A,A,A,A,A,A,A,A,A,A,A,A,A,D,A,A,B,E,0.538473,A,A,0.715009,A,A,A,A,A,D,A,A,A,25,A,0.429383,A,AS,D,A,A,A,A,A,0.65431,A,H,A,A,A,A,A,D,A,B,6396.85,A,B,BI,A,0.39455,A,A,GS,B,D,0.550529,A,G,A,A,A,A,A,P,A
A,A,A,I,0.520698,A,A,A,A,0.422197,A,0.46226,A,A,A,A,A,D,AX,0.508483,A,M,B,A,0.339244,A,A,B,B,A,A,AI,F,B,D,A,0.432728,D,A,A,B,A,B,A,A,A,A,G,B,0.38016,K,A,A,A,A,0.370419,A,H,A,A,C,A,A,A,B,A,A,A,C,A,A,D,A,A,B,E,0.665644,A,A,0.799124,A,A,A,A,A,C,A,A,A,33,A,0.314683,A,E,B,B,A,A,A,A,0.634224,B,A,A,A,A,A,B,D,A,D,5965.73,A,B,BI,A,0.58354,A,A,HK,A,B,0.644013,A,I,A,A,A,A,A,P,A
B,A,A,E,0.321594,A,A,A,A,0.555782,A,0.32128,A,A,A,A,A,B,AE,0.302678,B,A,B,A,0.605077,A,A,B,A,A,A,CS,K,K,B,A,0.373816,D,A,A,A,A,D,B,A,A,A,E,A,0.44467,O,A,A,A,A,0.363312,A,F,A,A,C,A,A,A,A,A,A,A,E,B,A,C,A,A,A,E,0.32157,A,A,0.818358,A,A,A,A,A,D,A,A,A,34,A,0.408772,A,E,D,B,A,A,A,A,0.527991,B,H,A,A,A,A,A,D,A,B,1193.05,A,A,BI,A,0.32843,D,A,DJ,A,D,0.327915,A,I,A,A,A,A,A,T,A
B,A,A,E,0.351358,A,A,A,A,0.555782,B,0.32496,A,B,A,A,A,B,K,0.811271,B,A,B,A,0.276878,A,A,B,A,A,A,EG,G,A,B,A,0.83324,D,A,A,A,A,B,A,A,A,A,D,A,0.26029,K,A,A,A,A,0.255339,A,I,A,A,C,A,A,A,A,E,A,A,E,B,A,C,A,A,A,E,0.253044,A,A,0.477578,A,A,A,A,A,D,A,A,A,41,A,0.241574,A,AK,D,B,A,A,A,A,0.440642,B,A,A,A,A,A,A,D,A,B,1071.77,A,A,AB,A,0.58934,A,A,DC,A,B,0.257148,A,J,A,A,B,B,A,D,A
B,A,A,F,0.894333,A,A,A,A,0.299102,A,0.93383,A,A,A,A,A,B,L,0.281143,D,A,B,A,0.822493,A,A,B,A,A,A,EG,H,G,B,A,0.722125,D,A,A,A,A,D,A,A,A,A,P,A,0.7877,P,A,A,B,A,0.586433,A,F,A,A,C,A,A,A,A,A,A,A,G,A,A,C,A,A,A,E,0.871011,A,D,0.251278,A,A,A,A,A,D,A,A,A,47,A,0.894903,A,AH,D,B,A,A,A,A,0.094942,B,H,A,A,A,A,A,D,A,B,585.18,A,A,BI,A,0.80058,C,A,MP,A,B,0.880469,A,E,A,A,A,A,A,T,A
G,A,A,E,0.472892,A,A,A,A,0.681761,A,0.44352,A,B,A,A,A,B,BM,0.281143,D,A,B,A,0.51666,A,A,B,A,A,A,CQ,H,K,B,A,0.442784,D,A,A,A,A,D,A,A,A,A,E,A,0.63026,L,A,A,A,A,0.547756,A,F,A,A,A,A,A,A,A,C,A,A,C,A,A,C,A,A,A,E,0.377003,A,A,0.340325,A,A,A,A,A,D,A,A,A,48,A,0.570733,A,AI,D,B,A,A,A,A,0.484196,B,H,A,A,A,A,A,D,A,B,1395.45,A,A,BI,A,0.80438,D,A,DS,A,D,0.385085,A,G,A,A,B,B,A,T,A
A,A,A,F,0.424162,A,A,A,A,0.737068,A,0.38846,A,A,A,A,A,D,A,0.525831,B,Q,B,A,0.301535,A,A,B,B,A,A,CL,F,B,D,A,0.259793,D,B,B,B,A,B,A,A,A,A,E,B,0.48889,J,A,A,A,A,0.593548,A,L,A,A,C,A,B,A,A,A,A,A,C,A,A,D,B,A,B,E,0.447145,A,A,0.205651,A,A,A,A,A,D,A,A,A,49,A,0.411902,A,AE,B,A,A,A,A,A,0.80643,A,A,A,A,A,A,A,D,A,B,6609.32,A,B,BI,A,0.31796,A,A,DJ,B,D,0.457203,A,G,A,A,A,A,A,P,A
A,A,A,F,0.834747,A,A,A,A,0.488789,A,0.83505,A,A,A,A,A,B,S,0.551723,B,A,B,A,0.684242,A,A,B,A,A,A,BC,G,G,B,A,0.83324,D,A,A,A,A,D,A,A,A,A,I,A,0.59334,O,A,A,A,A,0.437192,A,J,A,A,C,A,A,A,A,F,A,A,E,A,A,C,A,A,A,E,0.665644,A,D,0.407411,A,A,A,A,A,D,A,A,B,51,A,0.688705,A,A,D,A,A,A,A,A,0.246911,A,A,A,A,A,A,A,D,A,B,2658.7,A,A,BU,A,0.67263,C,A,LE,A,B,0.678924,A,F,A,A,B,B,A,T,A
C,A,A,G,0.488816,A,A,A,A,0.422197,A,0.52938,A,A,A,A,A,B,J,0.281143,D,A,B,A,0.30435,A,A,B,A,A,A,CS,F,D,D,A,0.452887,D,B,A,A,A,B,A,A,A,A,G,A,0.39068,K,A,A,A,A,0.637086,A,M,A,A,C,A,B,A,A,F,A,A,A,A,A,D,B,A,A,E,0.665644,A,A,0.310796,A,A,A,A,A,D,A,A,B,52,A,0.443265,B,AV,B,A,A,A,A,A,0.592681,A,A,A,A,A,A,A,D,A,B,4167.32,A,A,BI,A,0.36636,A,A,HQ,A,D,0.678924,A,G,A,A,B,B,A,P,A
B,A,A,E,0.391956,A,A,A,A,0.15999,A,0.36285,A,A,A,A,A,B,BM,0.602545,B,A,B,A,0.648701,A,A,B,A,E,A,BS,K,K,B,A,0.432728,D,A,A,A,A,D,A,A,A,A,G,A,0.20496,R,A,A,A,A,0.544355,A,F,A,B,C,A,A,B,A,A,A,A,C,A,A,C,A,A,A,E,0.40609,A,A,0.830931,A,A,A,A,A,D,A,A,A,55,A,0.436312,A,L,D,A,A,A,A,B,0.26357,A,H,A,A,A,A,B,D,A,B,3797.89,A,A,BI,A,0.48864,D,A,HJ,A,B,0.388786,A,I,A,A,A,A,A,T,A
A,A,A,E,0.338258,A,A,A,A,0.785784,B,0.32128,A,A,A,A,A,B,AE,0.718531,D,D,B,A,0.605077,A,A,B,A,C,A,CS,K,K,B,A,0.373816,D,A,A,A,A,D,A,A,A,A,E,B,0.44467,O,A,A,A,A,0.437192,A,I,A,A,C,A,A,B,A,A,A,A,E,B,A,C,A,A,A,E,0.369858,A,A,0.74381,A,A,A,A,A,D,A,A,A,57,A,0.441525,A,F,D,A,A,A,A,B,0.65431,A,A,A,A,A,A,A,D,A,B,1155.48,A,B,BI,A,0.31796,D,A,DJ,A,D,0.377724,A,I,A,A,A,A,A,T,A
A,A,A,F,0.283689,A,A,A,A,0.488789,B,0.32311,A,A,A,A,A,B,Y,0.534484,B,A,B,A,0.651733,A,A,B,A,C,A,AI,L,K,B,A,0.463029,D,A,A,A,A,D,A,A,A,A,F,A,0.36458,P,A,A,A,A,0.381185,A,I,A,A,C,A,B,A,A,E,A,A,E,A,A,C,A,B,A,E,0.454705,A,A,0.354002,A,A,A,A,A,D,A,A,A,60,A,0.349885,A,AP,D,A,A,A,A,B,0.506105,A,A,A,A,A,A,A,D,A,B,891.14,A,A,BI,B,0.81542,D,A,GC,A,D,0.453334,A,J,A,A,B,A,A,T,A
A,A,A,D,0.125526,A,A,A,B,0.620805,A,0.21374,A,B,A,A,A,B,AE,0.281143,D,A,B,A,0.40452,A,A,B,A,A,A,EB,K,I,B,A,0.236924,D,A,A,A,A,B,A,A,A,A,C,A,0.19431,N,A,A,A,A,0.25356,A,I,A,A,C,A,A,A,A,F,A,A,D,B,A,E,A,A,A,E,0.165648,A,A,0.725941,A,A,A,A,A,D,A,A,A,61,A,0.183243,A,AS,D,B,A,A,A,A,0.61366,B,A,A,A,A,A,A,D,A,D,765.97,A,A,BI,A,0.40028,A,A,BY,A,D,0.167024,A,L,A,A,B,B,A,S,A
G,A,A,E,0.475784,A,A,A,A,0.785784,B,0.44352,A,A,A,A,B,B,BM,0.78323,B,A,B,A,0.339244,A,A,B,A,I,A,CS,F,B,B,A,0.614134,D,A,A,A,A,B,A,A,A,A,E,A,0.45017,K,A,A,A,A,0.381883,A,I,A,B,C,A,A,B,A,A,A,A,C,B,A,D,A,B,A,E,0.366307,A,A,0.793518,A,A,A,A,A,D,A,A,A,66,A,0.3735,A,AD,D,A,A,A,A,B,0.592681,A,H,A,A,A,A,A,D,A,B,771.58,A,A,BI,A,0.36083,A,A,DP,A,D,0.338312,A,H,A,A,A,A,A,P,A
A,A,A,I,0.378225,A,A,A,A,0.785784,A,0.479,A,A,A,A,A,A,AF,0.543117,A,A,A,A,0.246011,A,A,A,A,A,A,BT,F,A,A,A,0.259793,A,A,A,A,A,B,A,A,A,A,H,A,0.54433,I,A,A,A,A,0.451203,A,A,A,A,C,A,B,A,A,A,A,A,C,B,A,C,A,A,A,E,0.800726,A,A,0.215055,A,A,A,A,A,C,A,A,A,73,A,0.38207,A,AF,A,A,A,A,A,A,0.762059,A,A,A,A,A,A,A,C,A,A,7256.49,A,A,BI,A,0.33906,A,A,HX,A,D,0.812519,A,G,A,C,A,A,A,D,A
A,A,A,E,0.57381,A,A,A,A,0.422197,A,0.46226,A,A,A,A,B,B,AK,0.281143,B,A,B,A,0.3574,A,A,B,A,E,A,EB,F,B,B,A,0.229617,B,A,A,A,A,B,A,A,A,A,G,A,0.51111,K,A,A,A,A,0.496452,A,J,A,B,C,A,A,A,A,A,A,A,A,A,A,D,A,A,A,E,0.424625,A,A,0.311644,A,A,A,A,A,D,A,A,A,76,A,0.592478,A,AV,D,A,A,A,A,B,0.26357,A,A,A,A,A,A,A,D,A,B,1528.73,A,A,BI,A,0.29758,A,A,HL,A,D,0.434083,A,F,A,A,A,A,A,P,A
A,A,A,F,0.296829,A,A,A,A,0.358319,A,0.40252,A,A,A,A,A,B,H,0.281143,B,A,B,A,0.298734,A,A,B,A,A,A,EG,G,D,B,A,0.284048,B,A,A,A,A,B,A,A,A,A,F,A,0.28677,K,A,A,A,A,0.769905,A,G,A,A,C,A,B,A,A,E,A,A,C,A,A,D,A,A,A,E,0.538473,A,A,0.698006,A,A,A,A,A,D,A,A,A,86,A,0.435733,A,AL,D,A,A,A,A,A,0.65431,A,A,A,A,A,A,A,D,A,B,4787.07,A,A,BI,A,0.60087,A,A,GS,A,D,0.550529,A,G,A,A,B,B,A,P,A
B,A,A,E,0.475784,A,A,A,A,0.620805,B,0.44352,A,A,A,B,A,B,BM,0.889301,B,A,B,A,0.339244,A,A,B,A,E,A,CS,F,B,B,A,0.534409,D,A,A,A,A,B,A,A,A,A,E,A,0.45017,K,A,A,A,A,0.356037,A,I,A,B,C,A,A,A,A,A,A,A,C,B,A,D,A,A,A,E,0.295524,A,A,0.804795,A,A,A,A,A,D,A,A,A,89,A,0.3735,A,E,D,A,A,A,A,B,0.462347,A,A,A,A,A,A,A,D,A,B,2163.97,A,A,BI,A,0.36083,A,A,DJ,A,D,0.291268,A,H,A,A,A,A,A,P,A
D,A,A,F,0.645422,A,A,A,A,0.299102,A,0.62542,A,A,A,A,A,B,AE,0.422268,B,C,B,A,0.678452,A,A,B,A,G,A,EB,I,F,D,A,0.327354,D,A,A,A,A,C,A,A,A,A,G,B,0.66076,N,A,A,A,A,0.464924,A,O,A,A,C,A,B,B,A,C,A,A,G,A,B,E,A,B,A,E,0.594646,A,A,0.285224,A,A,A,A,A,D,A,A,A,90,A,0.671307,A,AN,B,A,A,A,A,B,0.527991,A,A,A,A,A,A,A,D,A,B,11673.03,A,B,BI,A,0.33906,E,A,HK,A,D,0.6075,A,G,A,A,B,B,A,R,A
A,B,A,E,0.477231,A,A,A,A,0.488789,B,0.52728,A,A,A,A,A,B,N,0.281143,B,A,B,A,0.687115,A,A,B,A,A,A,EB,J,F,B,A,0.463029,B,A,A,A,A,C,A,A,A,A,G,A,0.79139,M,A,A,A,A,0.402942,A,I,A,A,C,A,B,A,A,A,B,A,G,A,A,E,A,A,A,E,0.369858,A,A,0.297788,A,A,A,A,A,D,A,A,A,93,A,0.557431,A,U,D,C,A,A,A,A,0.246911,B,A,A,A,A,A,A,D,A,D,1753.5,A,A,AB,A,0.34445,E,A,HG,A,B,0.377724,A,H,A,B,A,A,A,R,A
A,A,A,F,0.45271,A,A,A,A,0.488789,A,0.4832,A,A,A,A,A,D,AX,0.281143,B,C,B,A,0.617748,A,A,B,A,A,A,CO,J,K,B,A,0.432728,D,A,A,A,A,D,A,A,A,A,G,B,0.57716,N,A,A,A,A,0.582429,A,J,A,A,C,A,B,A,A,A,A,A,C,B,A,C,A,A,A,E,0.612906,A,A,0.598847,A,A,A,A,A,D,A,A,A,100,A,0.577059,A,N,B,A,A,A,A,A,0.54977,A,A,A,A,A,A,A,D,A,B,4521.12,A,B,BI,A,0.65663,D,A,HK,A,D,0.625936,A,G,A,A,A,A,A,T,A
G,A,A,H,0.585115,A,A,A,A,0.422197,A,0.66201,A,A,A,A,A,B,M,0.585792,B,A,B,A,0.354344,A,A,B,A,A,A,BT,F,B,B,A,0.670373,D,A,A,A,A,B,B,A,B,A,K,A,0.58257,J,A,A,A,A,0.67568,A,A,A,A,C,A,A,A,B,A,A,A,A,B,A,D,A,A,A,E,0.871011,A,A,0.811987,A,A,A,A,A,D,B,A,A,105,A,0.605191,A,E,D,E,A,A,A,A,0.336963,B,H,A,A,A,A,B,D,A,B,2127.71,A,A,BI,A,0.45883,A,A,MD,A,D,0.880469,A,F,A,A,A,A,A,P,A
A,A,A,E,0.325401,A,A,A,A,0.488789,A,0.30859,A,A,A,A,A,B,BM,0.758711,C,I,B,A,0.351299,A,A,B,A,A,A,EG,H,B,D,A,0.473202,D,A,A,B,A,B,A,A,A,A,D,B,0.21983,M,A,A,A,A,0.260915,A,L,A,A,C,A,B,A,A,A,A,A,E,A,A,D,A,A,B,E,0.214808,A,A,0.391812,A,A,A,A,A,D,A,A,A,107,A,0.201125,A,J,B,A,A,A,A,A,0.592681,A,A,A,A,A,A,A,D,A,B,5370.72,A,B,AB,A,0.24564,A,A,CK,A,B,0.199654,A,K,A,A,A,A,A,P,A
B,A,A,F,0.894333,A,A,A,A,0.299102,A,0.93383,A,A,A,A,A,B,L,0.281143,A,F,B,A,0.751507,A,A,B,A,C,A,EG,G,G,B,A,0.713852,D,A,A,A,A,D,A,A,A,A,J,B,0.7877,N,A,A,A,A,0.438285,A,F,A,A,C,A,B,B,A,A,A,A,A,A,A,C,A,A,B,E,0.714544,A,D,0.673856,A,A,A,A,A,C,A,A,A,111,A,0.731498,A,S,D,A,A,A,A,B,0.280933,A,H,A,A,A,A,A,D,A,D,1831.24,B,B,BI,A,0.75964,C,A,LF,A,B,0.711942,A,F,A,A,A,A,A,T,A
A,A,A,F,0.848648,A,A,A,A,0.620805,A,0.86299,A,A,A,A,A,B,L,0.281143,D,A,B,A,0.808455,A,A,B,A,C,A,CS,H,G,B,A,0.705434,D,A,A,A,A,D,A,A,A,A,K,A,0.8351,O,A,A,A,A,0.519514,A,I,A,B,C,A,B,A,A,A,A,A,A,B,A,C,A,A,A,E,0.832658,A,D,0.39875,A,A,A,A,A,C,A,A,A,112,A,0.862621,A,A,D,A,A,A,A,B,0.336963,A,A,A,A,A,A,A,D,A,B,2421.69,A,A,BI,A,0.96202,C,A,LM,A,C,0.832976,A,E,A,A,A,A,A,T,A
A,A,A,D,0.138128,A,A,A,A,0.555782,A,0.2418,A,A,A,A,A,B,AF,0.310061,B,D,B,A,0.339244,A,A,B,A,A,A,CM,J,A,B,A,0.215482,D,A,A,A,A,B,A,A,A,A,C,B,0.2123,M,A,A,A,A,0.245611,A,H,A,A,C,A,B,A,A,A,A,A,D,A,A,C,A,A,A,E,0.167768,A,A,0.276837,A,A,A,A,A,D,A,A,A,116,A,0.189484,A,AN,D,A,A,A,A,A,0.527991,A,A,A,A,A,A,A,D,A,D,1376.18,A,B,K,A,0.25918,A,A,CB,A,D,0.169206,A,L,A,A,A,A,A,K,A
A,A,A,F,0.154787,A,A,A,A,0.737068,B,0.27393,A,A,A,A,A,C,AK,0.372405,B,A,B,A,0.51666,A,A,B,A,E,A,EL,L,I,D,A,0.195483,D,A,A,A,A,B,A,A,A,A,D,A,0.37493,N,A,A,A,A,0.277613,A,A,A,A,C,A,B,B,A,A,A,A,E,A,A,E,A,A,A,E,0.247316,A,A,0.799114,A,A,A,A,A,D,A,A,A,118,A,0.206854,A,E,B,A,A,A,A,B,0.57136,A,A,A,A,A,A,A,D,A,B,7703.4,A,A,BI,A,0.33906,A,A,CS,A,D,0.251234,A,M,A,A,A,A,A,S,B
B,A,A,I,0.227585,A,B,A,A,0.555782,A,0.34365,A,A,C,A,A,B,AX,0.281143,B,A,B,A,0.19994,B,A,B,A,E,B,BT,G,H,D,A,0.432728,D,A,A,A,A,A,A,A,A,A,G,A,0.43919,H,A,B,A,A,0.745362,A,F,A,A,C,A,A,A,A,C,A,A,C,A,A,A,A,B,A,E,0.800726,A,A,0.836949,A,A,A,A,A,C,A,A,A,125,A,0.463958,A,AW,B,A,A,A,A,B,0.844219,A,H,B,B,A,A,A,D,A,A,11248.08,A,A,BI,A,0.68308,A,A,HK,A,D,0.812519,A,F,A,A,B,B,A,E,A
B,A,A,F,0.367378,A,A,A,A,0.358319,B,0.37458,A,A,A,A,A,B,AJ,0.340543,B,A,B,A,0.704052,A,A,B,A,A,A,AI,K,K,B,A,0.345595,B,A,A,A,A,D,A,A,A,A,I,A,0.48334,P,A,A,A,A,0.577741,A,I,A,A,C,A,A,A,B,A,A,A,C,A,A,C,A,A,A,E,0.576121,A,A,0.740584,A,A,A,A,A,C,A,A,A,130,A,0.585075,A,F,D,B,A,A,A,A,0.174588,B,A,A,A,A,A,B,D,A,A,876.78,A,A,BI,A,0.34987,D,A,LB,A,B,0.588753,A,H,A,A,A,A,A,T,A
A,A,A,H,0.351358,A,A,A,A,0.199504,A,0.37458,A,A,A,A,A,B,AT,0.447878,B,C,B,A,0.233856,A,A,B,A,A,A,AY,F,D,B,A,0.373816,D,A,A,A,A,B,A,A,A,A,I,B,0.25604,K,A,A,A,A,0.833411,A,H,A,A,C,A,B,A,B,A,A,A,C,A,A,C,A,A,A,E,0.714544,A,A,0.793199,A,A,A,A,A,D,A,A,A,139,A,0.374051,A,AD,D,B,A,A,A,A,0.419161,B,A,A,A,A,A,B,D,A,B,3552.53,A,B,BI,A,0.5245,A,A,KQ,A,D,0.727671,A,G,A,A,A,A,A,D,A
A,A,A,E,0.347403,A,A,A,A,0.422197,B,0.34745,A,A,A,A,A,B,F,0.372405,B,A,B,A,0.253506,A,A,B,A,A,A,W,F,A,B,A,0.383428,D,A,A,A,A,B,A,A,A,A,F,A,0.33428,J,A,A,A,A,0.864052,A,I,A,A,C,A,B,A,A,E,A,A,C,A,A,A,A,A,A,E,0.519456,A,A,0.295055,A,A,A,A,A,D,A,A,A,140,A,0.590205,A,I,D,A,A,A,A,A,0.61366,A,A,A,A,A,A,A,D,A,B,1154.43,A,A,BI,A,0.5245,A,A,GS,A,D,0.531161,A,E,A,A,B,B,A,F,A
A,A,A,E,0.513457,A,A,A,A,0.737068,A,0.5063,A,A,A,A,B,B,K,0.90528,B,A,B,A,0.315758,A,A,B,A,I,B,CL,F,B,B,A,0.594598,B,A,A,A,A,B,A,A,A,A,E,A,0.37493,K,B,A,A,A,0.408773,A,G,A,A,C,A,B,A,A,E,A,A,C,A,A,D,A,B,A,E,0.331643,A,A,0.32148,A,A,A,A,A,D,A,A,B,144,A,0.416181,A,AV,B,A,A,A,A,B,0.54977,A,A,A,A,A,A,A,D,A,B,4822.07,A,A,BI,A,0.62918,A,A,DJ,A,D,0.338312,A,G,A,A,B,A,A,P,A
A,A,A,F,0.853789,A,A,A,A,0.555782,A,0.91898,A,A,A,A,A,B,BM,0.863,B,A,B,A,0.723122,A,A,B,A,A,A,EE,G,G,D,A,0.309621,D,A,A,A,A,D,A,A,B,A,H,A,0.60932,O,A,A,A,A,0.431372,A,H,A,A,C,A,A,A,B,A,A,A,E,A,A,C,A,A,A,E,0.579845,A,D,0.810941,A,A,A,A,A,D,B,A,A,146,A,0.547545,A,E,B,D,A,A,A,A,0.317666,B,A,A,A,A,A,A,D,A,B,2809.74,A,A,BI,A,0.73247,C,A,IE,A,C,0.592525,A,H,A,A,A,A,A,T,A
A,A,A,F,0.383696,A,A,A,A,0.199504,A,0.38249,A,A,A,A,A,B,AX,0.281143,B,J,B,A,0.660756,A,A,B,B,C,A,BT,K,K,B,A,0.432728,D,A,A,A,A,D,A,A,A,A,G,B,0.29595,Q,A,A,A,A,0.594714,A,H,A,A,C,A,A,B,A,A,A,A,C,A,A,C,A,A,A,E,0.630853,A,A,0.462723,A,A,A,A,A,D,A,A,A,149,A,0.655553,A,AR,D,A,A,A,A,B,0.57136,A,A,A,A,A,A,B,D,A,B,3110.41,A,B,BI,A,0.54829,D,A,HK,B,C,0.6075,A,G,A,A,A,A,A,T,A
A,A,A,F,0.668933,A,A,A,A,0.488789,B,0.77327,A,A,A,A,A,B,AT,0.551723,D,D,B,A,0.576071,A,A,B,A,A,A,AC,G,E,B,A,0.473202,D,A,A,A,A,D,A,A,A,A,G,B,0.74817,L,A,A,A,A,0.902031,A,I,A,A,C,A,A,A,A,A,A,A,A,B,A,C,A,A,A,E,0.692256,A,A,0.270699,A,A,A,A,A,D,A,A,A,153,A,0.777366,A,AN,D,A,A,A,A,A,0.692825,A,A,A,A,A,A,A,D,A,C,1301.26,A,B,BI,A,0.60659,D,A,HN,A,D,0.705501,A,E,A,A,A,A,A,T,A
A,A,A,F,0.914335,A,A,A,A,0.737068,A,0.93884,A,A,A,A,A,B,Y,0.635304,A,J,B,A,0.854872,B,A,B,A,C,A,EB,H,G,D,A,0.802892,D,A,A,B,A,D,A,A,A,A,K,B,0.80218,P,A,A,A,A,0.671992,A,N,A,A,C,A,B,B,A,A,A,A,A,A,A,C,A,A,A,D,0.832658,A,A,0.338507,A,A,A,A,A,C,A,A,A,156,A,0.894682,A,AX,B,A,A,A,A,B,0.317666,A,A,B,B,A,A,A,D,A,B,10104.79,A,B,BI,A,0.80438,C,A,LQ,B,D,0.82184,A,E,A,A,A,A,A,T,A
A,A,A,D,0.670216,A,A,A,A,0.100099,B,0.69676,A,A,A,A,A,B,BM,0.281143,B,A,B,A,0.63026,A,A,B,A,A,A,EL,H,G,B,A,0.442784,D,A,A,A,A,D,A,A,A,A,E,A,0.20496,R,A,A,A,A,0.324978,A,I,A,A,C,A,B,A,A,E,A,A,E,A,A,C,A,A,A,E,0.270746,A,D,0.204815,A,A,A,A,A,D,A,A,B,162,A,0.400555,A,AU,D,A,A,A,A,A,0.26357,A,A,A,A,A,A,A,D,A,B,858.55,A,A,AB,A,0.57771,C,A,DS,A,B,0.275431,A,I,A,A,B,A,A,T,A
A,A,A,H,0.475784,A,A,A,A,0.555782,A,0.44352,A,A,A,A,A,B,BM,0.78907,D,A,B,A,0.339244,A,A,B,A,A,A,CS,F,B,B,A,0.564742,D,A,A,A,A,B,A,A,A,A,G,A,0.45017,K,A,A,A,A,0.347485,A,A,A,A,C,A,A,A,A,C,A,A,C,B,A,D,A,A,A,E,0.692256,A,A,0.809144,A,A,A,A,A,D,A,A,A,166,A,0.3735,A,E,D,A,A,A,A,A,0.692825,A,A,A,A,A,A,A,D,A,A,692.55,A,A,BI,A,0.36083,A,A,HK,A,D,0.705501,A,H,A,A,B,B,A,P,A
B,A,A,F,0.629339,A,A,A,A,0.422197,A,0.64873,A,A,B,A,A,B,BM,0.82168,B,D,B,A,0.689974,A,A,B,A,A,A,DX,I,F,B,A,0.554673,D,A,A,A,A,C,A,A,A,A,G,B,0.74396,N,A,B,A,A,0.450226,A,F,A,A,C,A,A,A,A,A,A,A,G,A,A,E,A,A,A,E,0.55738,A,A,0.580748,A,A,A,A,A,D,A,A,A,167,A,0.62026,A,AQ,D,A,A,B,A,A,0.54977,A,H,A,A,A,A,A,D,A,B,786.26,A,B,BI,A,0.61229,E,A,HG,A,C,0.569745,A,G,A,A,A,A,A,R,A
B,A,A,F,0.642763,A,A,A,A,0.422197,A,0.62542,A,A,A,A,A,B,AE,0.718531,B,D,B,A,0.687115,A,A,B,A,C,A,EB,I,F,B,A,0.327354,D,A,A,A,A,C,A,A,A,A,G,B,0.73106,N,A,A,A,A,0.480915,A,F,A,A,C,A,A,B,A,A,A,A,G,A,A,E,A,A,A,E,0.648446,A,A,0.422249,A,A,A,A,A,D,A,A,A,171,A,0.688705,A,AR,D,A,A,A,A,B,0.61366,A,H,A,A,A,A,A,D,A,B,1028.04,A,B,BI,A,0.33906,E,A,HK,A,D,0.661688,A,F,A,A,A,A,A,R,A
A,B,A,F,0.645422,A,A,A,A,0.358319,A,0.62542,A,B,A,A,A,B,AE,0.800402,B,A,B,A,0.678452,A,A,B,A,A,A,EB,I,F,B,A,0.327354,D,A,A,A,A,C,B,A,A,A,G,A,0.66076,N,A,A,A,A,0.467134,A,J,A,A,C,A,A,A,B,A,A,A,G,A,A,E,A,A,A,E,0.594646,A,A,0.481318,A,A,A,A,A,D,A,A,A,172,A,0.671307,A,AK,D,E,A,A,A,A,0.527991,B,A,A,A,A,A,A,D,A,B,3976.75,A,A,BI,A,0.33906,E,A,HK,A,D,0.6075,A,G,A,A,A,A,A,R,A
G,A,A,E,0.397499,A,A,A,A,0.299102,A,0.479,A,A,A,A,A,B,H,0.302678,B,A,B,A,0.648701,A,A,B,A,A,A,AC,J,E,B,A,0.284048,D,A,A,A,A,D,A,A,A,A,F,A,0.56081,O,A,A,A,A,0.817418,A,F,A,A,A,A,A,A,A,J,A,A,C,B,A,C,A,A,A,E,0.538473,A,A,0.362299,A,A,A,A,A,D,A,A,B,173,A,0.726386,A,L,D,A,A,A,B,A,0.65431,A,H,A,A,A,A,B,D,A,B,1809.23,A,A,BI,A,0.53046,D,A,GS,A,D,0.550529,A,F,A,B,B,A,A,T,A
A,A,A,E,0.391956,A,A,A,A,0.827585,A,0.37458,A,A,A,A,A,B,AX,0.281143,B,A,B,A,0.611431,A,A,B,A,A,A,BT,J,K,B,A,0.452887,D,A,A,A,A,D,A,A,A,A,E,A,0.40666,O,A,A,A,A,0.403892,A,I,A,A,C,A,A,A,A,F,A,A,E,A,A,C,A,A,A,E,0.335036,A,A,0.674034,A,A,A,A,A,D,A,A,B,174,A,0.381515,A,S,B,A,A,A,A,A,0.506105,A,A,A,A,A,A,A,D,A,B,3485.99,A,A,BI,A,0.72299,D,A,DP,A,D,0.341813,A,I,A,A,B,B,A,T,A
A,A,A,E,0.826591,A,A,A,A,0.555782,A,0.84847,A,A,A,A,A,B,Y,0.465115,B,F,B,A,0.814573,A,A,B,A,C,A,EB,I,G,B,A,0.614134,D,A,A,B,A,D,A,A,A,A,I,B,0.80218,O,A,A,A,A,0.449126,A,L,A,A,D,A,A,B,B,A,A,A,A,A,A,C,A,A,A,E,0.561143,A,A,0.725934,A,A,A,A,A,D,A,A,A,175,A,0.817706,A,AS,D,B,A,A,A,B,0.174588,B,A,A,A,A,A,A,D,A,B,1510,A,B,BI,A,0.90055,C,A,KW,A,B,0.550529,A,F,A,A,A,A,A,T,A
A,A,A,F,0.434106,A,A,A,A,0.299102,B,0.39648,A,A,A,A,A,B,BC,0.491114,B,C,B,A,0.26115,A,A,B,A,A,A,EG,F,B,B,A,0.815505,D,A,A,B,A,B,A,A,A,A,G,B,0.38016,J,A,A,A,A,0.324696,A,I,A,A,C,A,A,A,B,A,A,A,C,A,A,D,A,A,A,E,0.352251,A,A,0.67609,A,A,A,A,A,C,A,A,A,186,A,0.334009,A,S,B,B,A,A,A,A,0.187583,B,A,A,A,A,A,A,D,A,B,2906.27,A,A,CD,A,0.3128,A,A,HJ,A,B,0.341813,A,H,A,A,A,A,A,P,A
G,A,A,G,0.421331,A,A,A,A,0.488789,A,0.39447,A,A,A,A,A,B,BM,0.805895,B,A,B,A,0.672607,A,A,B,A,A,A,CS,K,K,B,A,0.574758,D,A,A,A,A,D,A,A,A,A,G,A,0.46119,P,A,A,A,A,0.673839,A,F,A,A,C,A,A,A,A,F,A,A,C,B,A,C,A,A,A,G,0.692256,A,A,0.808125,A,A,A,A,A,D,A,A,A,191,A,0.606315,A,E,B,A,A,A,A,A,0.762059,A,H,A,A,A,A,A,D,A,B,7484.37,A,A,BI,B,0.7508,D,A,IT,A,D,0.705501,A,G,A,A,B,B,A,T,A
A,A,A,E,0.648072,A,A,A,A,0.15999,A,0.66201,A,A,A,A,A,B,AY,0.281143,B,G,B,A,0.666708,A,A,B,A,C,A,CL,I,F,B,A,0.614134,D,A,A,A,A,C,A,A,A,A,G,B,0.47779,O,A,A,A,A,0.488064,A,H,A,A,C,A,B,B,A,A,A,A,A,A,A,E,A,A,A,E,0.387819,A,A,0.25412,A,A,A,A,A,D,A,A,A,197,A,0.568426,A,AH,D,A,A,A,A,B,0.230975,A,A,A,A,A,A,A,D,A,D,1140.81,A,B,BI,A,0.40028,E,A,HJ,B,D,0.396226,A,H,A,A,A,A,A,R,A
B,B,A,F,0.655966,A,A,A,A,0.555782,A,0.58325,A,A,A,A,A,B,AD,0.281143,B,A,B,A,0.866072,A,A,B,A,A,A,CL,K,K,B,A,0.738221,D,A,A,A,A,D,A,A,A,A,K,A,0.80569,P,A,A,A,A,0.76938,A,F,A,A,C,A,A,A,A,A,A,A,A,A,A,C,A,A,A,D,0.832658,A,A,0.261416,A,A,A,A,A,D,A,A,A,200,A,0.894903,A,AN,D,B,A,A,A,A,0.336963,B,H,A,A,A,A,A,D,A,B,595.15,A,A,BI,A,0.819,D,A,LN,A,C,0.843548,A,E,A,A,A,A,A,T,A
G,B,A,F,0.655966,A,A,A,A,0.681761,A,0.58325,A,A,A,A,A,B,L,0.372405,B,A,B,A,0.867611,A,A,B,A,A,A,CS,K,K,B,A,0.761209,D,A,A,A,A,D,A,A,A,A,K,A,0.80569,P,A,A,A,A,0.750017,A,N,A,A,A,A,B,A,A,A,A,A,A,A,A,C,A,A,A,D,0.810292,A,A,0.808698,A,A,B,A,A,D,A,A,A,202,A,0.862203,A,E,D,C,A,A,A,A,0.298977,B,H,A,A,A,A,A,D,A,C,3343.49,A,A,BI,A,0.82252,D,A,LN,A,D,0.82184,A,F,A,B,A,A,A,T,A
A,A,A,F,0.424162,A,A,A,A,0.737068,A,0.38846,A,A,A,A,A,B,A,0.525831,B,I,B,A,0.301535,A,A,B,A,A,A,CL,F,B,B,A,0.259793,D,A,A,B,A,B,A,A,A,A,E,B,0.48889,J,A,A,A,A,0.593548,A,L,A,A,C,A,B,A,A,A,A,A,C,A,A,D,A,A,B,E,0.447145,A,A,0.312236,A,A,A,A,A,D,A,A,A,205,A,0.411902,A,AV,D,A,A,A,A,A,0.80643,A,A,A,A,A,A,A,D,A,B,5112.89,A,B,BI,A,0.31796,A,A,DJ,A,D,0.457203,A,G,A,A,A,A,A,P,A
G,A,A,F,0.375501,A,A,A,A,0.737068,A,0.42289,A,B,A,A,A,B,F,0.517162,B,A,B,A,0.233856,A,A,B,A,A,A,CI,F,D,B,A,0.412789,D,A,A,A,A,B,A,A,A,A,D,A,0.52221,I,A,A,A,A,0.761136,A,F,A,A,C,A,A,A,A,A,A,A,C,B,A,C,A,A,A,E,0.485119,A,A,0.603737,A,A,A,A,A,D,A,A,A,207,A,0.500353,A,N,D,B,A,A,A,A,0.944251,B,H,A,A,A,A,A,D,A,B,1432.34,A,A,BI,A,0.59512,A,A,CW,A,D,0.4961,A,F,A,A,A,A,B,D,A
A,A,A,E,0.465671,A,A,A,A,0.555782,A,0.44767,A,A,A,A,A,B,AJ,0.340543,B,D,B,A,0.768525,A,A,B,A,A,A,CO,K,K,B,A,0.412789,D,A,A,A,A,D,A,A,A,A,I,B,0.61984,P,A,A,A,A,0.605161,A,L,A,A,C,A,A,A,A,A,A,A,A,A,A,C,A,A,A,D,0.576121,A,A,0.602285,A,A,A,A,A,D,A,A,A,208,A,0.789339,A,N,D,A,A,A,A,A,0.174588,A,A,A,A,A,A,A,D,A,B,425.77,A,B,BI,A,0.37754,D,A,LC,A,D,0.588753,A,F,A,A,A,A,A,T,A
A,A,A,E,0.883459,A,A,A,A,0.358319,B,0.90483,A,A,B,A,A,B,Y,0.473767,B,G,B,A,0.842905,A,A,B,A,A,A,EB,H,G,B,A,0.614134,D,A,A,B,A,D,A,A,A,A,I,B,0.82249,P,A,B,A,A,0.53317,A,I,A,A,C,A,A,A,A,A,A,A,A,B,A,C,A,A,A,E,0.590961,A,D,0.255789,A,A,A,A,A,D,A,A,A,212,A,0.750452,A,AH,D,A,A,B,A,A,0.201309,A,A,A,A,A,A,B,D,A,D,703.15,A,B,BI,A,0.46477,C,A,KW,A,B,0.550529,A,G,A,A,A,A,A,T,A
G,A,A,D,0.625272,A,A,A,A,0.127059,A,0.64873,A,A,A,A,A,B,N,0.388783,B,A,B,A,0.684242,A,A,B,A,A,A,DT,I,F,D,A,0.50382,C,A,A,A,A,C,A,A,A,A,H,A,0.71775,N,A,A,A,A,0.618825,A,J,A,A,A,A,B,A,B,A,A,A,A,A,A,E,A,A,A,E,0.369858,A,A,0.256475,A,A,A,A,A,D,A,A,A,215,A,0.601533,A,AH,B,B,A,A,A,A,0.139862,B,H,A,A,A,A,B,D,A,C,1997.58,A,A,BI,A,0.32317,E,A,HX,A,B,0.377724,A,G,A,A,A,A,A,R,A
G,A,A,F,0.8464,A,A,A,A,0.620805,A,0.86299,A,A,A,A,A,B,AD,0.281143,D,A,B,A,0.810511,A,A,B,A,C,A,EG,H,G,B,A,0.705434,D,A,A,A,A,D,A,A,A,A,J,A,0.8351,O,A,A,A,A,0.422919,A,J,A,A,A,A,A,A,A,C,A,A,A,B,A,C,A,B,A,E,0.772574,A,D,0.365083,A,A,A,A,A,D,A,A,A,218,A,0.797815,A,K,D,A,A,A,A,B,0.356819,A,H,A,A,A,A,A,D,A,B,2205.52,A,A,BI,A,0.94403,C,A,LF,A,C,0.73986,A,F,A,A,B,B,A,T,A
A,A,A,I,0.372785,A,A,A,A,0.785784,A,0.43111,A,A,C,A,A,B,H,0.281143,B,O,B,A,0.236253,B,A,B,B,G,A,CS,F,D,D,A,0.383428,D,B,B,B,A,B,A,A,A,A,F,B,0.36974,J,A,B,A,A,0.862654,A,L,A,A,C,A,B,B,A,A,A,A,C,A,B,C,B,A,B,E,0.832658,A,A,0.236756,A,A,A,A,A,C,A,A,A,222,A,0.458113,A,AH,B,A,A,B,A,B,0.944251,A,A,B,B,A,A,A,D,A,B,11706.75,A,B,BI,A,0.73247,A,A,GX,B,D,0.843548,A,F,A,A,A,A,B,D,B
G,A,A,E,0.458463,A,A,A,A,0.555782,A,0.38249,A,A,A,A,A,B,AE,0.732367,B,D,B,A,0.731059,A,A,B,A,A,A,CO,K,K,B,A,0.327354,D,A,A,A,A,D,A,A,A,A,G,B,0.74817,N,A,A,A,A,0.566385,A,L,A,A,C,A,A,A,A,A,A,A,C,A,A,C,A,A,A,E,0.609277,A,A,0.826299,A,A,A,A,A,D,A,A,A,223,A,0.707294,A,E,D,A,A,A,A,A,0.54977,A,H,A,A,A,A,A,D,A,B,796.76,A,B,BI,A,0.35533,D,A,HK,A,D,0.622276,A,G,A,A,A,A,A,T,A
A,A,A,F,0.676593,A,A,A,A,0.785784,A,0.7628,A,A,A,A,A,B,Y,0.674529,B,A,B,A,0.654753,A,A,B,A,A,A,EL,H,G,B,A,0.50382,D,A,A,A,A,D,A,A,A,A,H,A,0.42828,P,A,A,A,A,0.478205,A,K,A,A,A,A,B,A,A,C,A,A,E,A,A,C,A,A,A,E,0.469884,A,D,0.837951,A,A,A,A,A,D,A,A,A,225,A,0.48977,A,AW,D,A,A,A,A,A,0.201309,A,A,A,A,A,A,A,D,A,C,17355.29,A,A,BI,A,0.48864,C,A,GE,A,D,0.480509,A,H,A,A,B,B,A,T,A
A,A,A,E,0.667647,A,A,A,A,0.358319,B,0.69676,A,A,A,A,A,B,BM,0.281143,A,A,B,A,0.506666,A,A,B,A,C,A,A,G,G,B,A,0.534409,B,A,A,A,A,D,A,A,A,A,E,A,0.20496,P,A,A,A,A,0.269473,A,K,A,B,C,A,A,A,A,A,A,A,E,B,A,C,A,A,A,E,0.247316,A,D,0.376957,A,A,A,A,A,C,A,A,A,226,A,0.292074,A,J,D,A,A,A,A,B,0.317666,A,A,A,A,A,A,B,D,A,A,515,A,A,BI,A,0.566,C,A,DJ,A,B,0.251234,A,J,A,A,A,A,A,T,A
A,A,A,H,0.558141,A,A,A,B,0.827585,A,0.46226,A,A,A,A,A,B,AE,0.87101,B,A,B,A,0.345247,A,A,B,A,C,A,CS,F,B,B,A,0.327354,D,A,A,A,A,B,A,A,A,A,G,A,0.50556,K,A,A,A,A,0.418469,A,K,A,A,D,A,B,A,A,L,A,A,C,A,A,D,A,B,A,E,0.701926,A,A,0.241049,A,A,A,A,A,D,A,A,B,228,A,0.360659,A,K,D,A,A,A,A,B,0.692825,A,A,A,A,A,A,A,D,A,B,8537.33,A,A,BI,B,0.26847,A,A,HK,A,D,0.715131,A,H,A,A,B,B,A,P,A
C,A,A,D,0.32286,A,A,A,A,0.15999,A,0.30859,A,A,A,A,A,B,BG,0.288217,B,D,B,A,0.258586,A,A,B,A,A,A,C,G,B,B,A,0.176921,D,A,A,A,A,B,A,A,A,A,D,B,0.20137,L,A,A,A,A,0.238818,A,M,A,A,D,A,B,A,A,A,A,A,E,A,A,D,A,A,A,E,0.147518,A,A,0.48706,A,A,A,A,A,D,A,A,A,232,A,0.166292,A,O,D,A,A,A,A,A,0.215772,A,A,A,A,A,A,B,D,A,B,817.74,A,B,AB,A,0.24123,A,A,CP,A,B,0.148392,A,L,A,A,A,A,A,P,A
C,A,A,F,0.494613,A,A,A,A,0.620805,A,0.47481,A,A,A,A,A,B,BO,0.473767,B,C,B,A,0.503333,A,A,B,B,A,A,EG,H,D,B,A,0.336414,D,A,A,A,A,B,B,A,A,A,F,B,0.53881,M,A,A,A,A,0.751956,A,G,A,A,C,A,B,A,B,A,A,A,A,A,A,E,A,A,A,E,0.579845,A,A,0.297232,A,A,A,A,A,D,A,A,A,233,A,0.612473,A,U,D,C,A,A,A,A,0.634224,B,A,A,A,A,A,A,D,A,B,2585.55,A,A,BI,A,0.37194,A,A,HB,A,D,0.588753,A,F,A,A,A,A,A,T,A
A,B,A,E,0.458463,A,A,A,A,0.299102,A,0.4874,A,A,A,A,A,B,H,0.281143,A,A,B,A,0.298734,A,A,B,A,A,A,EG,F,D,B,A,0.215482,C,A,A,A,A,B,B,A,A,A,E,A,0.40666,K,A,A,A,A,0.78775,A,I,A,A,C,A,A,A,B,A,A,A,A,B,A,D,A,A,A,E,0.384201,A,A,0.383437,A,A,A,A,A,C,A,A,A,237,A,0.426216,A,J,D,D,A,A,A,A,0.634224,B,A,A,A,A,A,A,D,A,A,5608.84,A,A,BI,A,0.36083,A,A,GI,A,D,0.3925,A,G,A,A,A,A,A,P,A
A,A,A,F,0.478678,A,A,A,B,0.245921,A,0.427,A,A,A,A,A,B,F,0.364322,B,A,B,A,0.470036,A,A,B,A,A,A,BT,H,D,B,A,0.373816,D,B,A,A,A,B,A,A,A,B,E,A,0.6852,K,A,A,A,A,0.818227,A,K,A,A,C,A,B,A,A,N,A,A,A,A,A,E,B,A,A,E,0.630853,A,A,0.743712,A,A,A,A,A,D,A,A,B,244,A,0.636189,A,F,B,A,A,A,A,A,0.90167,A,A,A,A,A,A,B,D,A,B,3608.45,A,A,BI,A,0.5006,A,A,GM,A,D,0.644013,A,F,A,A,B,B,B,S,A
G,A,A,E,0.356663,A,A,A,A,0.785784,A,0.33611,A,A,A,A,A,B,AS,0.517162,C,A,B,A,0.339244,A,A,B,A,A,A,CO,G,B,B,A,0.373816,D,A,A,A,A,B,A,A,A,A,D,A,0.3148,L,A,A,A,A,0.313651,A,F,A,A,A,A,A,A,B,A,A,A,E,B,A,D,A,A,A,E,0.26476,A,A,0.709599,A,A,A,A,A,D,A,A,A,245,A,0.270447,A,AS,D,B,A,A,A,A,0.634224,B,H,A,A,A,A,A,D,A,B,2221.7,A,A,BI,A,0.5006,A,A,CR,A,D,0.257148,A,J,A,A,A,A,A,P,A
B,A,A,F,0.730887,A,A,A,A,0.422197,A,0.79047,A,A,A,A,A,B,BM,0.725503,B,F,B,A,0.723122,A,A,B,B,A,A,A,H,G,B,A,0.309621,D,A,A,A,A,D,A,A,A,A,H,B,0.60932,O,A,A,A,A,0.400333,A,I,A,A,C,A,A,A,A,A,A,A,E,A,A,C,A,A,A,E,0.612906,A,D,0.771219,A,A,A,A,A,D,A,A,A,248,A,0.531477,A,C,D,A,A,A,A,A,0.356819,A,A,A,A,A,A,A,D,A,A,2087.19,A,B,BI,A,0.67787,C,A,IE,A,C,0.625936,A,H,A,A,A,A,A,T,A
B,B,A,F,0.936238,A,A,A,A,0.299102,A,0.96909,A,A,A,A,A,B,L,0.281143,A,A,B,A,0.824432,A,A,B,A,A,A,EG,G,G,B,A,0.284048,D,A,A,A,A,D,A,A,A,A,L,A,0.82889,O,A,A,A,A,0.600719,A,N,A,A,C,A,A,A,A,A,A,A,A,A,A,C,A,A,A,E,0.832658,A,D,0.360817,A,A,A,A,B,C,A,A,A,259,A,0.892895,A,K,D,C,A,A,A,A,0.215772,B,B,A,A,A,A,A,D,A,A,6213.76,A,A,BI,A,0.88205,C,A,JR,A,B,0.797841,A,E,A,A,A,A,A,T,A
G,A,A,J,0.278999,A,A,A,A,0.127059,B,0.1638,A,A,A,A,A,B,BD,0.302678,B,C,B,A,0.177507,A,A,B,A,A,A,W,F,H,B,A,0.345595,D,A,A,A,A,B,A,A,A,A,G,B,0.33428,I,A,A,A,A,0.985762,A,I,A,A,C,A,A,A,A,C,A,A,C,B,A,C,A,A,A,E,0.775245,A,A,0.400594,A,A,A,A,A,D,A,A,A,260,A,0.282443,A,A,D,A,A,A,A,A,0.844219,A,H,A,A,A,A,A,D,A,B,2533.1,A,B,BI,A,0.24123,A,A,HJ,A,D,0.787589,A,H,A,A,B,B,A,D,A
A,A,A,E,0.475784,A,A,A,A,0.785784,A,0.44352,A,A,A,A,A,B,BM,0.78323,B,J,B,A,0.339244,A,A,B,B,A,A,CS,F,B,B,A,0.614134,D,A,A,A,A,B,A,A,A,A,E,B,0.45017,K,A,A,A,A,0.381883,A,J,A,A,C,A,B,A,A,A,A,A,C,A,A,D,A,A,B,E,0.366307,A,A,0.211291,A,A,A,A,A,C,A,A,A,276,A,0.3735,A,AF,D,A,A,A,A,A,0.592681,A,A,A,A,A,A,A,D,A,B,15495.88,A,B,BI,A,0.36083,A,A,DP,A,D,0.338312,A,H,A,A,A,A,A,P,A
A,A,A,I,0.348719,A,A,A,A,0.488789,A,0.40657,A,A,A,A,A,B,AN,0.281143,D,A,B,A,0.287682,A,A,B,A,A,A,EG,G,D,B,A,0.229617,D,A,A,A,A,B,A,A,A,A,G,A,0.40666,J,A,A,A,A,0.723522,A,K,A,A,C,A,A,A,A,J,A,A,C,A,A,D,A,A,A,E,0.800726,A,A,0.818705,A,A,A,A,A,D,A,A,B,277,A,0.448496,A,E,D,A,A,A,A,A,0.844219,A,A,A,A,A,A,B,D,A,B,6806.02,A,A,BI,A,0.36083,A,A,HK,A,D,0.812519,A,G,A,A,B,B,A,P,A
B,A,A,E,0.281338,A,A,A,A,0.737068,A,0.32128,A,A,A,A,A,B,Y,0.577339,B,A,B,A,0.660756,A,A,B,A,A,A,CO,L,K,B,A,0.670373,B,A,A,A,A,D,A,A,A,A,E,A,0.41743,P,A,A,A,A,0.406509,A,F,A,A,C,A,A,A,A,A,A,A,E,A,A,C,A,A,A,E,0.338446,A,A,0.730466,A,A,A,A,A,C,B,A,A,285,A,0.383459,A,AS,B,B,A,A,A,A,0.506105,B,H,A,A,A,A,A,D,A,B,2886.03,A,A,BI,A,0.81542,D,A,DP,A,D,0.345331,A,J,A,A,A,A,A,T,A
B,B,A,F,0.465671,A,A,A,A,0.620805,A,0.55648,A,B,A,A,A,B,AT,0.525831,B,A,B,A,0.758902,A,A,B,A,A,A,EG,K,E,B,A,0.473202,B,A,A,A,A,D,B,A,A,A,G,A,0.64056,P,A,A,A,A,0.868679,A,F,A,A,C,A,A,A,A,A,A,A,C,A,A,C,A,A,A,E,0.692256,A,A,0.38458,A,A,A,A,A,D,A,A,A,289,A,0.764704,A,J,D,D,A,A,A,A,0.692825,B,H,A,A,A,A,A,D,A,B,4383.9,A,A,BI,A,0.53642,D,A,HN,A,D,0.705501,A,F,A,A,A,A,A,T,A
A,A,A,F,0.657274,A,A,A,A,0.620805,A,0.62542,A,A,A,A,A,B,AE,0.422268,B,C,B,A,0.687115,A,A,B,A,A,A,EG,I,F,B,A,0.327354,C,A,A,A,A,C,A,A,A,A,G,B,0.73106,N,A,A,A,A,0.505211,A,H,A,A,C,A,A,A,B,A,A,A,G,A,A,E,A,A,A,E,0.609277,A,A,0.598769,A,A,A,A,A,D,A,A,A,291,A,0.690467,A,N,D,B,A,A,A,A,0.54977,B,A,A,A,A,A,A,D,A,B,487.17,A,B,BI,A,0.33906,E,A,HK,A,D,0.622276,A,F,A,A,A,A,A,R,A
B,A,A,E,0.552413,A,A,A,A,0.078346,A,0.43731,A,A,A,A,A,B,I,0.302678,D,F,B,A,0.312885,A,A,B,A,E,A,EG,F,B,B,A,0.696873,D,A,A,A,A,B,A,A,A,A,F,B,0.50556,J,A,A,A,A,0.303856,A,F,A,B,C,A,A,B,A,A,A,A,A,B,A,D,A,A,A,E,0.301921,A,A,0.356103,A,A,A,A,A,A,A,A,A,292,A,0.39689,A,AP,D,A,A,A,A,B,0.201309,A,H,A,A,A,A,B,D,A,B,1018.56,A,B,BI,A,0.23688,A,A,HA,B,B,0.291268,A,G,A,A,A,A,A,P,A
A,A,A,E,0.32033,A,A,A,A,0.681761,A,0.32128,A,A,A,A,A,B,AE,0.302678,B,D,B,A,0.605077,A,A,B,A,A,A,EG,K,K,B,A,0.373816,D,A,A,A,A,D,A,A,A,A,E,B,0.44467,O,A,A,A,A,0.374687,A,L,A,A,C,A,B,A,A,A,A,A,E,A,A,C,A,A,A,E,0.32157,A,A,0.310629,A,A,A,A,A,D,A,A,A,293,A,0.408772,A,AV,D,A,A,A,A,A,0.527991,A,A,A,A,A,A,A,D,A,B,942.93,A,B,BI,A,0.32843,D,A,DJ,A,D,0.327915,A,I,A,A,A,A,A,T,A
G,A,A,E,0.475784,B,A,A,B,0.555782,A,0.44352,A,A,A,A,A,B,BM,0.889301,B,A,B,A,0.339244,A,A,B,A,A,A,CS,F,B,B,A,0.534409,D,A,A,A,A,B,A,A,A,A,E,A,0.45017,K,A,A,A,A,0.347485,A,F,A,A,A,A,A,A,A,F,A,A,C,A,A,D,A,A,A,E,0.295524,A,A,0.256692,A,A,A,A,A,D,A,A,A,298,A,0.3735,A,AH,D,A,A,A,A,A,0.462347,A,H,A,A,A,A,A,D,A,B,2155.94,A,A,BI,A,0.36083,A,A,DJ,A,D,0.291268,A,H,A,A,B,A,A,P,A
A,A,A,E,0.690392,A,A,A,B,0.422197,B,0.68237,A,B,A,A,A,B,L,0.372405,B,A,B,A,0.704052,A,A,B,A,A,A,EG,I,F,B,A,0.789639,D,A,A,A,A,C,A,A,A,A,G,A,0.46672,P,A,A,A,A,0.452425,A,I,A,A,C,A,A,A,A,E,A,A,G,A,A,E,A,A,A,E,0.443374,A,A,0.25463,A,A,A,A,A,D,A,A,A,306,A,0.637821,A,AH,D,B,A,A,A,A,0.280933,B,A,A,A,A,A,A,D,A,B,1578.3,A,A,BI,A,0.94651,E,A,HK,A,C,0.453334,A,G,A,A,B,A,A,R,A
A,A,A,G,0.403067,A,A,A,A,0.785784,B,0.38249,A,A,A,A,A,B,AF,0.585792,A,A,B,A,0.660756,A,A,B,A,C,A,DK,K,K,B,A,0.24439,D,A,A,A,A,D,A,A,A,A,G,A,0.59869,N,A,A,A,A,0.480422,A,I,A,A,C,A,A,A,A,F,A,A,C,A,A,C,A,B,A,E,0.717648,A,A,0.296318,A,A,A,A,A,C,A,A,A,308,A,0.550457,A,U,D,A,A,A,A,B,0.728827,A,A,A,A,A,A,A,D,A,A,887.54,A,A,BI,B,0.2926,D,A,HK,A,D,0.730752,A,H,A,A,B,B,A,T,A
A,A,A,F,0.500412,A,A,A,A,0.620805,B,0.41471,A,A,A,B,A,B,AE,0.718531,B,A,B,A,0.295948,A,A,B,A,E,A,EG,F,A,A,A,0.373816,D,A,A,A,A,B,A,A,A,A,E,A,0.51111,J,A,A,A,A,0.426778,A,I,A,A,C,A,A,A,A,A,A,A,C,A,A,C,A,B,A,E,0.40609,A,A,0.299084,A,A,A,A,A,D,A,A,A,316,A,0.362016,A,U,D,A,A,A,A,B,0.728827,A,A,A,A,A,A,A,D,A,B,1761.22,A,A,BI,A,0.25918,A,A,DJ,A,D,0.415029,A,H,A,A,A,A,A,D,A
A,A,A,G,0.475784,A,A,A,A,0.358319,B,0.39849,A,A,A,A,A,B,BM,0.696981,B,A,B,A,0.339244,A,A,B,A,A,A,V,F,B,A,A,0.383428,D,A,A,A,A,B,A,A,A,A,F,A,0.39599,K,A,A,A,A,0.365369,A,I,A,A,C,A,A,A,A,E,A,A,C,B,A,D,A,A,A,E,0.481306,A,A,0.303323,A,A,A,A,A,D,A,A,A,318,A,0.326207,A,AV,D,A,A,A,A,A,0.54977,A,A,A,A,A,A,A,D,A,B,38.4,A,A,BI,A,0.36083,A,A,GS,A,D,0.4922,A,I,A,A,B,B,A,P,A
A,A,A,G,0.380957,A,A,A,A,0.620805,A,0.36285,A,A,A,A,A,B,BF,0.473767,B,A,B,A,0.295948,A,A,B,A,A,A,EG,G,D,B,A,0.195483,D,A,A,A,A,B,A,A,A,A,D,A,0.31003,K,A,A,A,A,0.584349,A,H,A,A,C,A,A,A,B,A,A,A,C,A,A,D,A,A,A,E,0.481306,A,A,0.303433,A,A,A,A,A,D,A,A,A,319,A,0.349617,A,AV,D,B,A,A,A,A,0.944251,B,A,A,A,A,A,A,D,A,D,1231.34,A,A,BI,A,0.25461,A,A,EE,A,D,0.4922,A,H,A,A,A,A,B,P,A
G,A,A,H,0.480125,A,A,A,A,0.358319,A,0.41471,A,A,A,A,A,B,AE,0.61906,B,D,B,A,0.315758,A,A,B,A,C,A,EB,F,B,B,A,0.309621,D,A,A,A,A,B,A,A,A,A,F,B,0.43919,K,A,A,A,A,0.362399,A,O,A,A,A,A,B,B,A,A,A,A,C,B,A,D,A,A,A,E,0.594646,A,A,0.236604,A,A,A,A,A,D,A,A,A,320,A,0.317735,A,AH,D,A,A,A,A,B,0.745801,A,H,A,A,A,A,A,D,A,B,442.16,A,B,BI,A,0.26847,A,A,GS,A,D,0.6075,A,H,A,A,A,A,A,P,A
A,A,A,F,0.376862,A,A,A,A,0.737068,A,0.46853,A,A,A,A,A,B,F,0.627218,D,A,B,A,0.572812,A,A,B,A,C,A,CL,J,E,B,A,0.393132,D,A,A,A,A,D,A,A,A,A,F,A,0.57716,M,A,A,A,A,0.763817,A,I,A,B,C,A,A,A,A,A,A,A,C,B,A,C,A,A,A,E,0.698722,A,A,0.255006,A,A,A,A,A,C,A,A,A,322,A,0.636189,A,AH,D,A,A,A,A,B,0.80643,A,A,A,A,A,A,A,D,A,B,824.47,A,A,BI,A,0.61229,D,A,HB,A,D,0.711942,A,F,A,A,A,A,A,T,A
C,A,A,D,0.165709,A,A,A,A,0.199504,A,0.22969,A,A,A,A,A,B,BK,0.295397,B,D,B,A,0.569546,A,A,B,A,A,A,C,M,K,B,A,0.208655,D,A,A,A,A,D,A,A,A,A,D,B,0.23545,P,A,A,A,A,0.318537,A,M,A,A,C,A,A,A,A,E,A,A,E,A,A,C,A,A,A,E,0.207184,A,A,0.820723,A,A,A,A,A,D,A,A,A,324,A,0.301151,A,E,D,A,A,A,A,A,0.419161,A,A,A,A,A,A,B,D,A,A,4199.37,A,B,K,A,0.34445,D,A,CR,A,B,0.209813,A,K,A,A,B,B,A,T,A
A,B,A,H,0.54667,A,A,A,A,0.620805,B,0.46226,A,B,A,A,A,B,AE,0.87101,B,C,B,A,0.345247,A,A,B,A,A,A,EG,F,B,B,A,0.327354,B,A,A,A,A,B,B,A,A,A,G,B,0.50556,K,A,A,A,A,0.39101,A,I,A,A,C,A,A,A,B,C,A,A,C,A,A,D,A,A,A,E,0.692256,A,A,0.235493,A,A,A,A,A,D,A,A,A,325,A,0.364464,A,AH,D,E,A,A,A,A,0.692825,B,A,A,A,A,A,A,D,A,B,4837.14,A,B,BI,A,0.26847,A,A,HK,A,D,0.705501,A,H,A,A,B,B,A,P,A
A,A,A,E,0.192978,A,A,A,A,0.299102,A,0.23569,A,A,A,A,A,B,BM,0.281143,A,A,B,A,0.605077,A,A,B,A,A,A,DX,M,K,B,A,0.54456,C,A,A,A,A,D,B,A,A,A,D,A,0.27777,P,A,A,A,A,0.360349,A,H,A,A,C,A,B,A,A,A,A,A,E,A,A,C,A,A,A,E,0.26476,A,A,0.296812,A,A,A,A,A,C,A,A,A,327,A,0.274644,A,U,D,B,A,A,A,A,0.634224,B,A,A,A,A,A,A,D,A,A,2284.39,A,A,AB,A,0.60087,D,A,CR,A,B,0.269248,A,K,A,A,A,A,A,T,A
A,A,A,I,0.520698,A,A,A,B,0.422197,A,0.46226,A,A,A,A,A,B,AX,0.508483,B,A,B,A,0.339244,A,A,B,A,A,A,AI,F,B,B,A,0.432728,D,A,A,A,A,B,A,A,A,A,G,A,0.38016,K,A,A,A,A,0.370419,A,B,A,A,C,A,B,A,A,J,A,A,C,A,A,D,A,A,A,E,0.665644,A,A,0.746686,A,A,A,A,A,D,A,A,A,333,A,0.314683,A,F,D,A,A,A,A,A,0.634224,A,A,A,A,A,A,A,D,A,B,1246.38,A,A,BI,A,0.58354,A,A,HK,A,B,0.644013,A,I,A,A,B,B,A,P,A
A,A,A,F,0.425579,A,A,A,A,0.620805,A,0.4832,A,A,A,A,A,B,Y,0.525831,B,A,B,A,0.633362,A,A,B,A,A,A,EB,J,K,B,A,0.809278,D,B,A,A,A,D,A,A,A,A,G,A,0.67065,M,A,A,A,A,0.536976,A,H,A,A,C,A,B,A,A,J,A,A,C,A,A,C,B,A,A,E,0.682413,A,A,0.604892,A,A,A,A,A,D,A,A,A,335,A,0.665573,B,N,B,A,A,A,A,A,0.673861,A,A,A,A,A,A,A,D,A,B,8581.98,A,A,BI,B,0.92176,D,A,HK,A,D,0.695685,A,F,A,A,B,B,A,T,A
A,A,A,D,0.485918,A,A,A,A,0.028177,A,0.34365,A,A,A,A,A,A,BO,0.281143,A,A,A,A,0.293178,A,A,A,A,A,A,BT,F,B,A,A,0.229617,A,A,A,A,A,B,A,A,A,A,E,A,0.23545,L,A,A,A,A,0.439501,A,H,A,A,C,A,B,A,A,A,A,A,E,A,A,D,A,A,A,E,0.176469,A,A,0.21148,A,A,A,A,A,C,A,A,A,337,A,0.290374,A,AF,A,A,A,A,A,A,0.174588,A,A,A,A,A,A,B,B,A,A,559.54,A,A,BI,A,0.26847,A,A,BA,A,A,0.17816,A,I,A,C,A,A,A,P,A
B,A,A,E,0.2497,A,A,A,A,0.681761,A,0.30859,A,A,A,A,A,B,BM,0.543117,B,G,B,A,0.437003,A,A,B,A,A,A,EG,J,I,B,A,0.473202,D,A,A,A,A,B,A,A,A,A,D,B,0.33428,M,A,A,A,A,0.303126,A,F,A,A,C,A,A,A,A,A,A,A,E,A,A,E,A,A,B,E,0.220003,A,A,0.708529,A,A,A,A,A,D,A,A,A,343,A,0.271842,A,AS,D,A,A,A,A,A,0.61366,A,H,A,A,A,A,A,D,A,B,2201.41,A,B,BI,A,0.70839,A,A,CK,A,D,0.223038,A,J,A,A,A,A,A,S,A
